{"cameraMode":{"drawMode":0,"name":"Shaded","section":"Shading Mode"},"sceneLighting":true,"audioPlay":false,"sceneViewState":{"m_AlwaysRefresh":true,"showFog":true,"showSkybox":true,"showFlares":true,"showImageEffects":true,"showParticleSystems":true,"showVisualEffectGraphs":true,"m_FxEnabled":true},"in2DMode":false,"pivot":{"x":867.4759521484375,"y":574.6557006835938,"z":1140.8485107421875},"rotation":{"x":0.03599212318658829,"y":0.0044975923374295239,"z":-0.00016175360360648483,"w":0.999344527721405},"size":1825.167236328125,"orthographic":false}